"VIDEO","NUMBER_OF_HITS","HIT_INTENSITY","NUMBER_OF_TUG","TOTAL_FRAMES_IN_TUG","NUMBER_OF_JERK_FRAMES","TIME","NUMBER_OF_RINGDROP","VARIANCE","ARC_LENGTH","CURVATURE_MAX_COUNT"
"E1_t10","2","0","2","18","0","11.96","0","0.05282094094165767","2.7503501377594097","1"
"E1_t11","1","1","1","15","0","12.96","0","0.048059820863831995","2.638572574106485","5"
"E1_t12","1","0","3","21","0","20.96","0","0.03956399638602385","3.522527520385354","10"
"E1_t1","2","1","1","7","5","19.96","0","0.06260897738078354","3.8744838094886154","8"
"E1_t2","0","0","1","3","0","10.64","0","0.03923938382542628","1.8863963810206368","7"
"E1_t3","0","0","2","15","3","8.96","0","0.05892976079342574","2.0869972332326046","3"
"E1_t4","1","0","1","14","4","16.84","0","0.05787762715430274","3.8584075770165676","7"
"E1_t5","1","0","1","12","3","11.0","0","0.061005371390542726","2.5891913315914277","4"
"E1_t6","2","0","1","13","0","12.96","0","0.06229714777023381","3.3082889447515424","4"
"E1_t7","1","1","1","25","0","17.76","0","0.036587170012109343","2.6820002555854496","6"
"E1_t8","1","0","3","10","0","12.92","0","0.04353612400462331","2.290342647643304","7"
"E1_t9","1","0","1","14","0","7.64","0","0.0561779531792063","1.8399206426439123","4"
"E2_t10","0","0","0","0","0","9.56","0","0.06254939261013671","2.4446903560813973","4"
"E2_t11","2","0","1","6","0","20.84","0","0.03291537751528499","2.8981863730296387","7"
"E2_t12","0","0","3","20","0","27.52","0","0.03910989744036745","4.395512316618347","7"
"E2_t1","2","0","1","4","0","20.0","0","0.045962197053588776","2.9784748531185086","5"
"E2_t2","2","0","2","34","0","19.84","0","0.03474617667603025","2.8925918183494446","10"
"E2_t3","2","0","1","18","0","11.64","0","0.05192282627697703","2.4954085844237235","3"
"E2_t4","1","0","3","15","0","17.64","0","0.04132445827772644","2.960011954885551","10"
"E2_t5","1","0","0","0","0","11.84","0","0.045975496560790065","2.2533087734797164","6"
"E2_t6","0","0","2","29","0","17.84","0","0.04907781683911139","3.6445027367871443","5"
"E2_t7","2","0","4","61","0","26.84","0","0.03191386118873896","3.8024641222296025","10"
"E2_t8","1","0","0","0","0","16.0","0","0.04316802147304145","2.8406320758752814","6"
"E2_t9","2","0","0","0","0","19.64","0","0.03829271710354921","3.3140565372699204","6"
"E3_t10","0","0","0","0","0","8.76","0","0.04961883813091342","1.8577786119130446","4"
"E3_t11","1","0","2","19","0","15.64","0","0.037135454113719255","2.576943442306513","6"
"E3_t12","2","0","0","0","0","14.8","0","0.038330631813582185","2.2002961098437708","7"
"E3_t1","1","0","1","16","0","18.0","0","0.040856457601721935","2.5695295220839554","8"
"E3_t2","2","0","1","22","0","18.96","0","0.03438613178258578","2.6270435454856753","13"
"E3_t3","1","0","0","0","1","8.76","0","0.05036514214202378","1.8756442370686417","1"
"E3_t4","2","0","2","17","0","11.64","0","0.045615979080772695","2.3535879420203085","5"
"E3_t5","1","0","1","2","0","7.64","0","0.04942127807899211","1.5309132742446763","2"
"E3_t6","0","0","3","6","0","11.96","0","0.05055774216212624","2.579335030635339","3"
"E3_t7","2","0","1","3","0","18.96","0","0.04128033373459119","3.0713845778102256","8"
"E3_t8","2","0","1","2","0","12.76","0","0.05349095685168958","2.6983640688941546","2"
"E3_t9","1","0","1","2","0","10.8","0","0.046518350057589655","2.2122292830760837","2"
"E4_t10","3","0","1","2","6","14.64","0","0.06052838990379749","3.119268354385336","6"
"E4_t11","1","0","1","9","13","24.76","0","0.041581061377885455","4.0230207570375764","13"
"E4_t12","2","0","1","29","7","27.64","0","0.0351698801864397","3.6241783239386214","23"
"E4_t1","1","0","1","23","0","23.56","0","0.035427436777591345","3.14746397795204","13"
"E4_t2","1","1","0","0","0","23.56","0","0.031063150604298016","3.0810589889261712","11"
"E4_t3","0","0","0","0","0","17.56","0","0.049830874191280954","3.2015507306206668","4"
"E4_t4","2","0","1","3","0","18.8","0","0.04816068166753659","3.201307826686539","4"
"E4_t5","1","0","0","0","0","20.56","0","0.0418857919665629","3.5519425255363455","12"
"E4_t6","1","0","0","0","0","24.92","0","0.04165970950209552","4.485187976117644","8"
"E4_t7","1","1","0","0","2","23.8","0","0.034456302785190435","3.3673772239356627","9"
"E4_t8","0","0","0","0","0","36.8","0","0.03712744957688567","4.235505471818384","17"
"E4_t9","2","0","0","0","2","45.72","0","0.04136909817775205","6.4501855250450255","22"
"E5_t10","1","0","0","0","8","9.76","0","0.05957954680983038","2.556394925033878","0"
"E5_t11","2","0","1","13","4","14.76","0","0.044393872528242645","2.4712979267702235","7"
"E5_t12","2","0","0","0","7","13.84","0","0.06067167466079286","3.366643769124935","4"
"E5_t1","0","0","1","2","8","16.96","0","0.042519649342905405","2.6185661126160147","8"
"E5_t2","3","1","2","118","5","27.84","0","0.04625765898376441","4.20561582502112","11"
"E5_t3","1","0","0","0","3","16.0","0","0.06019651826831267","3.563925869726398","3"
"E5_t4","2","0","2","23","18","22.64","0","0.06579046279643751","4.762790759594483","4"
"E5_t5","0","0","0","0","2","12.56","0","0.06535596885712623","3.3881885256484687","3"
"E5_t6","0","0","2","15","5","21.56","0","0.05835677481653155","4.950594268316184","3"
"E5_t7","3","0","5","88","5","21.56","0","0.049275390079003216","3.6799659688565143","9"
"E5_t8","1","0","1","13","9","16.92","0","0.042435778629690696","3.1938312881018835","7"
"E5_t9","2","1","1","18","11","15.64","0","0.05715088405511714","3.7023722742196172","5"
"E6_t10","1","0","8","12","0","25.0","0","0.04182429524722987","4.322527467936773","9"
"E6_t11","3","0","3","44","1","28.56","0","0.04018053663615859","4.669920710786629","10"
"E6_t12","1","0","3","6","1","28.76","0","0.03987499358218172","4.677737019841647","10"
"E6_t1","3","0","1","2","0","29.0","0","0.028332918058405803","3.260181360316567","15"
"E6_t2","3","0","3","58","3","30.0","0","0.02891617023348265","3.465986204164716","19"
"E6_t3","0","0","2","3","0","21.72","0","0.038642560134602884","3.2093065783416295","7"
"E6_t4","3","0","0","0","6","30.6","0","0.043717709944631006","5.359481508062982","7"
"E6_t5","0","0","0","0","1","24.84","0","0.03848674980238279","3.651426835744213","13"
"E6_t6","1","0","0","0","1","22.84","0","0.04220236444354645","3.9745274305229787","9"
"E6_t7","3","0","8","13","9","37.76","0","0.03223387596021528","4.797364025226221","15"
"E6_t8","2","1","20","33","3","30.84","0","0.02716692619335043","3.3963441629517686","14"
"E6_t9","1","0","6","34","0","28.84","0","0.03982500277592581","4.614364638422909","11"
"T1_1_t10","1","0","0","0","2","35.72","0","0.02830938923716448","4.218620359119639","13"
"T1_1_t11","1","0","0","0","4","44.72","0","0.025480873010430366","4.820924123813569","24"
"T1_1_t12","4","1","2","24","7","48.6","0","0.027743656600490704","5.529029931619142","23"
"T1_1_t1","3","0","1","2","0","45.0","0","0.024379516574786333","3.981487761471283","18"
"T1_1_t2","1","0","2","48","0","52.84","0","0.026021030450739724","5.454343302539384","38"
"T1_1_t3","2","0","1","8","1","39.6","0","0.02231024310940942","3.588757165154805","27"
"T1_1_t4","1","0","1","9","0","31.76","0","0.030346052446344713","4.188075939938163","7"
"T1_1_t5","0","0","1","4","1","62.6","0","0.03819120123758032","7.724985921230473","31"
"T1_1_t6","4","0","0","0","8","49.72","0","0.040733129376816446","7.978000452354505","20"
"T1_1_t7","2","0","0","0","2","34.8","0","0.027906563138145032","4.03610347957924","16"
"T1_1_t8","0","0","2","2","4","47.76","0","0.03455412246213283","6.70013821671707","22"
"T1_1_t9","1","0","0","0","2","58.76","0","0.0294067012586623","5.822720346789683","25"
"T3_2_t10","3","0","0","0","3","19.84","0","0.036916216149733165","2.958695505234599","7"
"T3_2_t11","1","1","0","0","1","24.64","0","0.03102985765135293","3.008338145069016","11"
"T3_2_t12","2","0","0","0","6","33.72","0","0.04339892380369702","4.967461605427939","7"
"T3_2_t1","2","0","0","0","1","23.0","0","0.03240744582398056","2.981671801884174","10"
"T3_2_t2","1","0","0","0","0","15.96","0","0.044286335440224506","2.787868176383148","5"
"T3_2_t3","0","0","0","0","0","12.6","0","0.05600840965928822","2.9755368370062723","4"
"T3_2_t4","0","0","0","0","0","15.6","0","0.04802154603925604","3.2608452454477184","1"
"T3_2_t5","0","0","0","0","0","13.72","0","0.06825068589882995","3.9029852352970225","2"
"T3_2_t6","3","0","1","7","1","20.76","0","0.050888675001862664","4.336099315775751","9"
"T3_2_t7","1","0","0","0","0","24.6","0","0.03158663164760407","3.22085213484501","9"
"T3_2_t8","0","0","0","0","2","28.6","0","0.03299422418176892","3.925870554740339","18"
"T3_2_t9","1","0","0","0","2","13.76","0","0.04628092423516814","2.65936840965084","6"
"T8_1_t10","2","0","1","4","0","23.84","0","0.029878211605256968","2.8901091054438384","15"
"T8_1_t11","0","0","0","0","2","25.84","0","0.0368324298037399","3.6143011946632995","14"
"T8_1_t12","1","0","1","23","2","29.92","0","0.03906760287850654","4.171567930735579","13"
"T8_1_t1","1","0","0","0","1","42.0","0","0.02503009467338225","3.560961235553382","17"
"T8_1_t2","2","0","1","21","0","53.76","0","0.027724621612481938","5.673353777959581","34"
"T8_1_t3","0","0","0","0","0","29.0","0","0.06742091329404735","5.464533033733524","15"
"T8_1_t4","3","0","1","17","3","32.72","0","0.035629035540092016","4.545003019334536","17"
"T8_1_t5","0","0","0","0","3","26.6","0","0.05010910463032757","5.173547976366462","8"
"T8_1_t6","2","0","0","0","0","27.72","0","0.04619883438639009","4.585032817871416","17"
"T8_1_t7","1","0","0","0","8","22.84","0","0.029020699303627905","2.560283145899113","11"
"T8_1_t8","0","0","0","0","0","25.84","0","0.037334969265867476","3.806296744974752","8"
"T8_1_t9","0","0","0","0","4","22.84","0","0.04016873647706072","3.4689158673617633","13"
"E1_t1_aug_perturb_X","2","1","1","7","5","19.96","0","0.06291058467514228","3.942632936385216","8"
"E1_t1_aug_perturb_Y","2","1","1","7","5","19.96","0","0.0641039390533531","3.969472528822807","8"
"E1_t10_aug_perturb_X","2","0","2","18","0","11.96","0","0.05343914529844563","2.783459217917443","1"
"E1_t10_aug_perturb_Y","2","0","2","18","0","11.96","0","0.05371733596832302","2.8156034022307597","3"
"E1_t11_aug_perturb_X","1","1","1","15","0","12.96","0","0.04910877542468636","2.6964628730921594","4"
"E1_t11_aug_perturb_Y","1","1","1","15","0","12.96","0","0.050813332252184","2.73881281679625","4"
"E1_t12_aug_perturb_X","1","0","3","21","0","20.96","0","0.04069656312363994","3.650814474109346","8"
"E1_t12_aug_perturb_Y","1","0","3","21","0","20.96","0","0.039859718959792845","3.5886246283891094","6"
"E1_t2_aug_perturb_X","0","0","1","3","0","10.64","0","0.04060174866886359","1.9394996595228706","4"
"E1_t2_aug_perturb_Y","0","0","1","3","0","10.64","0","0.03906824972876995","1.8819520411924786","3"
"E1_t3_aug_perturb_X","0","0","2","15","3","8.96","0","0.05915669752649497","2.1245856423590097","3"
"E1_t3_aug_perturb_Y","0","0","2","15","3","8.96","0","0.059199092436526754","2.0963373364428732","2"
"E1_t4_aug_perturb_X","1","0","1","14","4","16.84","0","0.05775813950147622","3.901714523489235","5"
"E1_t4_aug_perturb_Y","1","0","1","14","4","16.84","0","0.061530734620780084","4.145765133884775","5"
"E1_t5_aug_perturb_X","1","0","1","12","3","11.0","0","0.06038685059328411","2.6175216860089914","2"
"E1_t5_aug_perturb_Y","1","0","1","12","3","11.0","0","0.06324122729154807","2.7284624333610172","4"
"E1_t6_aug_perturb_X","2","0","1","13","0","12.96","0","0.062345666876721995","3.3297688156074265","2"
"E1_t6_aug_perturb_Y","2","0","1","13","0","12.96","0","0.06177669992294347","3.201562687271558","2"
"E1_t7_aug_perturb_X","1","1","1","25","0","17.76","0","0.037496386399486346","2.786098598029882","5"
"E1_t7_aug_perturb_Y","1","1","1","25","0","17.76","0","0.03888100031394517","2.880288175919401","5"
"E1_t8_aug_perturb_X","1","0","3","10","0","12.92","0","0.0447081169937656","2.413323269334796","5"
"E1_t8_aug_perturb_Y","1","0","3","10","0","12.92","0","0.04433369112167997","2.3599960270668463","6"
"E1_t9_aug_perturb_X","1","0","1","14","0","7.64","0","0.056717568179801094","1.8782317429785347","3"
"E1_t9_aug_perturb_Y","1","0","1","14","0","7.64","0","0.057358636936828765","1.9026670829671053","2"
"E2_t1_aug_perturb_X","2","0","1","4","0","20.0","0","0.04716973676203459","3.0932209690670778","5"
"E2_t1_aug_perturb_Y","2","0","1","4","0","20.0","0","0.04731046234674623","3.05622827878354","4"
"E2_t10_aug_perturb_X","0","0","0","0","0","9.56","0","0.06335485199861259","2.4838211078285197","2"
"E2_t10_aug_perturb_Y","0","0","0","0","0","9.56","0","0.06046515316665194","2.4713086346404864","3"
"E2_t11_aug_perturb_X","2","0","1","6","0","20.84","0","0.03389630961484161","3.0079034983053736","7"
"E2_t11_aug_perturb_Y","2","0","1","6","0","20.84","0","0.034906495613054915","3.039501244480246","10"
"E2_t12_aug_perturb_X","0","0","3","20","0","27.52","0","0.04049405283666592","4.629939042305818","11"
"E2_t12_aug_perturb_Y","0","0","3","20","0","27.52","0","0.03911873917683438","4.48545252399381","7"
"E2_t2_aug_perturb_X","2","0","2","34","0","19.84","0","0.03569632919378123","2.9953051646688946","6"
"E2_t2_aug_perturb_Y","2","0","2","34","0","19.84","0","0.03517275510104478","2.9510547291797815","12"
"E2_t3_aug_perturb_X","2","0","1","18","0","11.64","0","0.053345065458436786","2.575391592355848","5"
"E2_t3_aug_perturb_Y","2","0","1","18","0","11.64","0","0.05256684411953871","2.5276798010135804","2"
"E2_t4_aug_perturb_X","1","0","3","15","0","17.64","0","0.04280663193034982","3.1570677260318805","6"
"E2_t4_aug_perturb_Y","1","0","3","15","0","17.64","0","0.044928668644624505","3.2293460069965345","8"
"E2_t5_aug_perturb_X","1","0","0","0","0","11.84","0","0.0463683654229214","2.3054671057372107","3"
"E2_t5_aug_perturb_Y","1","0","0","0","0","11.84","0","0.047177004336023565","2.391625965842996","5"
"E2_t6_aug_perturb_X","0","0","2","29","0","17.84","0","0.049592082599164616","3.7352586535166834","4"
"E2_t6_aug_perturb_Y","0","0","2","29","0","17.84","0","0.051621179168248967","3.826420780189035","7"
"E2_t7_aug_perturb_X","2","0","4","61","0","26.84","0","0.03272164410001786","3.972482313878291","5"
"E2_t7_aug_perturb_Y","2","0","4","61","0","26.84","0","0.03302946476593108","3.971721249342499","10"
"E2_t8_aug_perturb_X","1","0","0","0","0","16.0","0","0.04399507673955085","2.940469245715685","3"
"E2_t8_aug_perturb_Y","1","0","0","0","0","16.0","0","0.04424258505019669","2.893061934958305","4"
"E2_t9_aug_perturb_X","2","0","0","0","0","19.64","0","0.03911861204351353","3.391463382283489","6"
"E2_t9_aug_perturb_Y","2","0","0","0","0","19.64","0","0.04134456442821633","3.5392251773051653","10"
"E3_t1_aug_perturb_X","1","0","1","16","0","18.0","0","0.041976689607469524","2.69205441091313","6"
"E3_t1_aug_perturb_Y","1","0","1","16","0","18.0","0","0.04211915942698718","2.5909702372223893","8"
"E3_t10_aug_perturb_X","0","0","0","0","0","8.76","0","0.05076216294349101","1.9102426885616863","2"
"E3_t10_aug_perturb_Y","0","0","0","0","0","8.76","0","0.05058163215044572","1.9204824935040283","5"
"E3_t11_aug_perturb_X","1","0","2","19","0","15.64","0","0.03818641321588698","2.634883594641693","5"
"E3_t11_aug_perturb_Y","1","0","2","19","0","15.64","0","0.03680094678298417","2.5490663008359533","5"
"E3_t12_aug_perturb_X","2","0","0","0","0","14.8","0","0.040317413808620285","2.343699001879994","10"
"E3_t12_aug_perturb_Y","2","0","0","0","0","14.8","0","0.03964981315925992","2.352340081003458","3"
"E3_t2_aug_perturb_X","2","0","1","22","0","18.96","0","0.03526884700035735","2.7187279833748748","12"
"E3_t2_aug_perturb_Y","2","0","1","22","0","18.96","0","0.035979849447896735","2.830228349833534","8"
"E3_t3_aug_perturb_X","1","0","0","0","1","8.76","0","0.05187546043699436","1.9294996394271187","1"
"E3_t3_aug_perturb_Y","1","0","0","0","1","8.76","0","0.050710823572344986","1.8924868196839308","3"
"E3_t4_aug_perturb_X","2","0","2","17","0","11.64","0","0.04590164613665298","2.3449970674638907","2"
"E3_t4_aug_perturb_Y","2","0","2","17","0","11.64","0","0.0473479069398387","2.490821024032106","1"
"E3_t5_aug_perturb_X","1","0","1","2","0","7.64","0","0.05014309196057203","1.5632718296896952","2"
"E3_t5_aug_perturb_Y","1","0","1","2","0","7.64","0","0.05306523750998138","1.7341387572504008","1"
"E3_t6_aug_perturb_X","0","0","3","6","0","11.96","0","0.05101371470191857","2.6261564096193872","5"
"E3_t6_aug_perturb_Y","0","0","3","6","0","11.96","0","0.051401488630005994","2.6871753839141554","4"
"E3_t7_aug_perturb_X","2","0","1","3","0","18.96","0","0.04171650816323716","3.184248721068277","6"
"E3_t7_aug_perturb_Y","2","0","1","3","0","18.96","0","0.04213625799334826","3.217076513504371","6"
"E3_t8_aug_perturb_X","2","0","1","2","0","12.76","0","0.05493943261427457","2.8208323013705936","1"
"E3_t8_aug_perturb_Y","2","0","1","2","0","12.76","0","0.05534044981226208","2.7597993954960427","4"
"E3_t9_aug_perturb_X","1","0","1","2","0","10.8","0","0.046774798458043616","2.240508033062454","1"
"E3_t9_aug_perturb_Y","1","0","1","2","0","10.8","0","0.0484242455990935","2.300264956830467","4"
"E4_t1_aug_perturb_X","1","0","1","23","0","23.56","0","0.03654210074190339","3.3202251343092657","10"
"E4_t1_aug_perturb_Y","1","0","1","23","0","23.56","0","0.03743216460013505","3.3916700946531493","13"
"E4_t10_aug_perturb_X","3","0","1","2","6","14.64","0","0.061571816245304986","3.323132289627535","2"
"E4_t10_aug_perturb_Y","3","0","1","2","6","14.64","0","0.06019823309026906","3.1262466345027886","6"
"E4_t11_aug_perturb_X","1","0","1","9","13","24.76","0","0.04217598072064269","4.172716387042197","10"
"E4_t11_aug_perturb_Y","1","0","1","9","13","24.76","0","0.04266572950372624","4.194666017034224","10"
"E4_t12_aug_perturb_X","2","0","1","29","7","27.64","0","0.036114411372969155","3.8172678227887085","11"
"E4_t12_aug_perturb_Y","2","0","1","29","7","27.64","0","0.03775356477568789","3.9426287334702774","16"
"E4_t2_aug_perturb_X","1","1","0","0","0","23.56","0","0.03179230210293434","3.148597404560963","10"
"E4_t2_aug_perturb_Y","1","1","0","0","0","23.56","0","0.03312331528070204","3.2895690391211985","9"
"E4_t3_aug_perturb_X","0","0","0","0","0","17.56","0","0.04988177378134908","3.2722014480723183","6"
"E4_t3_aug_perturb_Y","0","0","0","0","0","17.56","0","0.05045703135474068","3.2961302641450607","5"
"E4_t4_aug_perturb_X","2","0","1","3","0","18.8","0","0.04886226029349049","3.3854346709010583","2"
"E4_t4_aug_perturb_Y","2","0","1","3","0","18.8","0","0.0500970854469427","3.4107990325969637","8"
"E4_t5_aug_perturb_X","1","0","0","0","0","20.56","0","0.042813224914030265","3.690150056249765","9"
"E4_t5_aug_perturb_Y","1","0","0","0","0","20.56","0","0.045296160905054124","3.8218299219627876","6"
"E4_t6_aug_perturb_X","1","0","0","0","0","24.92","0","0.042145916394597235","4.612816056796311","8"
"E4_t6_aug_perturb_Y","1","0","0","0","0","24.92","0","0.044094555178964635","4.784268540968416","7"
"E4_t7_aug_perturb_X","1","1","0","0","2","23.8","0","0.03558391444944626","3.501484619544293","12"
"E4_t7_aug_perturb_Y","1","1","0","0","2","23.8","0","0.03754985710019067","3.698023546313954","12"
"E4_t8_aug_perturb_X","0","0","0","0","0","36.8","0","0.038519818830752485","4.644122904933372","16"
"E4_t8_aug_perturb_Y","0","0","0","0","0","36.8","0","0.037223918557275984","4.428454360393666","18"
"E4_t9_aug_perturb_X","2","0","0","0","2","45.72","0","0.041971813070789406","6.672822345123602","24"
"E4_t9_aug_perturb_Y","2","0","0","0","2","45.72","0","0.04351456905143587","6.984495003555823","28"
"E5_t1_aug_perturb_X","0","0","1","2","8","16.96","0","0.04343606018676977","2.7305272644211076","5"
"E5_t1_aug_perturb_Y","0","0","1","2","8","16.96","0","0.043866555123655546","2.7900690644999635","8"
"E5_t10_aug_perturb_X","1","0","0","0","8","9.76","0","0.06063792081629593","2.60279511466205","1"
"E5_t10_aug_perturb_Y","1","0","0","0","8","9.76","0","0.06142363532521191","2.6729804239583004","1"
"E5_t11_aug_perturb_X","2","0","1","13","4","14.76","0","0.04550163753262306","2.549959741799123","8"
"E5_t11_aug_perturb_Y","2","0","1","13","4","14.76","0","0.04568233221375399","2.5337510540507493","7"
"E5_t12_aug_perturb_X","2","0","0","0","7","13.84","0","0.06094188175541059","3.431249375211295","3"
"E5_t12_aug_perturb_Y","2","0","0","0","7","13.84","0","0.061048610898923626","3.3547574531745528","8"
"E5_t2_aug_perturb_X","3","1","2","118","5","27.84","0","0.046869011881077026","4.423437890139528","4"
"E5_t2_aug_perturb_Y","3","1","2","118","5","27.84","0","0.04678632729540967","4.291552070210832","14"
"E5_t3_aug_perturb_X","1","0","0","0","3","16.0","0","0.061324104826283796","3.7060425100713172","6"
"E5_t3_aug_perturb_Y","1","0","0","0","3","16.0","0","0.06041911351880716","3.6738081661112716","7"
"E5_t4_aug_perturb_X","2","0","2","23","18","22.64","0","0.06624315852530592","4.84868182510641","4"
"E5_t4_aug_perturb_Y","2","0","2","23","18","22.64","0","0.06574885386758296","4.828517941975619","4"
"E5_t5_aug_perturb_X","0","0","0","0","2","12.56","0","0.0660155520629568","3.435285976059018","5"
"E5_t5_aug_perturb_Y","0","0","0","0","2","12.56","0","0.07055941646045988","3.6720093900196926","5"
"E5_t6_aug_perturb_X","0","0","2","15","5","21.56","0","0.05908576230746503","5.063973792837258","2"
"E5_t6_aug_perturb_Y","0","0","2","15","5","21.56","0","0.05988092131250389","5.301786623514531","3"
"E5_t7_aug_perturb_X","3","0","5","88","5","21.56","0","0.04961303074257139","3.823248260674447","8"
"E5_t7_aug_perturb_Y","3","0","5","88","5","21.56","0","0.05011693311086528","3.8064860000441993","10"
"E5_t8_aug_perturb_X","1","0","1","13","9","16.92","0","0.04331080305459602","3.306242667410906","7"
"E5_t8_aug_perturb_Y","1","0","1","13","9","16.92","0","0.042924731903522646","3.2607509524588822","7"
"E5_t9_aug_perturb_X","2","1","1","18","11","15.64","0","0.05756509090700645","3.7964399018483426","2"
"E5_t9_aug_perturb_Y","2","1","1","18","11","15.64","0","0.05807314708114619","3.795194011820145","2"
"E6_t1_aug_perturb_X","3","0","1","2","0","29.0","0","0.02987192503465521","3.59661425724301","12"
"E6_t1_aug_perturb_Y","3","0","1","2","0","29.0","0","0.031540359837063554","3.676032356150294","12"
"E6_t10_aug_perturb_X","1","0","8","12","0","25.0","0","0.042072570120060646","4.394359905784997","4"
"E6_t10_aug_perturb_Y","1","0","8","12","0","25.0","0","0.04329989465661556","4.463469341557773","8"
"E6_t11_aug_perturb_X","3","0","3","44","1","28.56","0","0.04081663141044691","4.797160919657146","8"
"E6_t11_aug_perturb_Y","3","0","3","44","1","28.56","0","0.040433353494415514","4.7733098953118045","10"
"E6_t12_aug_perturb_X","1","0","3","6","1","28.76","0","0.041284840198534775","4.938451689436821","8"
"E6_t12_aug_perturb_Y","1","0","3","6","1","28.76","0","0.0407323582834628","4.773038694389321","11"
"E6_t2_aug_perturb_X","3","0","3","58","3","30.0","0","0.03031136373853867","3.748004516440794","19"
"E6_t2_aug_perturb_Y","3","0","3","58","3","30.0","0","0.03074190348445997","3.7359301435683974","18"
"E6_t3_aug_perturb_X","0","0","2","3","0","21.72","0","0.03945407185861901","3.3494087225554336","11"
"E6_t3_aug_perturb_Y","0","0","2","3","0","21.72","0","0.03967492573257468","3.320621007886308","11"
"E6_t4_aug_perturb_X","3","0","0","0","6","30.6","0","0.04380422998968547","5.4290560193758965","6"
"E6_t4_aug_perturb_Y","3","0","0","0","6","30.6","0","0.045434950316626796","5.529011986773475","9"
"E6_t5_aug_perturb_X","0","0","0","0","1","24.84","0","0.04024046831623399","3.9174261072215204","10"
"E6_t5_aug_perturb_Y","0","0","0","0","1","24.84","0","0.042404611657441145","4.029282239146284","11"
"E6_t6_aug_perturb_X","1","0","0","0","1","22.84","0","0.04270974195958394","4.033475393807934","7"
"E6_t6_aug_perturb_Y","1","0","0","0","1","22.84","0","0.04626379091344085","4.39713384853381","5"
"E6_t7_aug_perturb_X","3","0","8","13","9","37.76","0","0.03435013451681656","5.1820108583950075","21"
"E6_t7_aug_perturb_Y","3","0","8","13","9","37.76","0","0.03336397618873435","5.040547884756521","22"
"E6_t8_aug_perturb_X","2","1","20","33","3","30.84","0","0.02918502188306961","3.7849114676345637","15"
"E6_t8_aug_perturb_Y","2","1","20","33","3","30.84","0","0.02828187813033209","3.6440051749250655","11"
"E6_t9_aug_perturb_X","1","0","6","34","0","28.84","0","0.04104926491563841","4.887299707123467","7"
"E6_t9_aug_perturb_Y","1","0","6","34","0","28.84","0","0.040885266875473635","4.7389310294327975","12"
"T1_1_t1_aug_perturb_X","3","0","1","2","0","45.0","0","0.026403078021568157","4.503508068953629","19"
"T1_1_t1_aug_perturb_Y","3","0","1","2","0","45.0","0","0.025742197229029422","4.286913419148847","22"
"T1_1_t10_aug_perturb_X","1","0","0","0","2","35.72","0","0.029818418178004208","4.559962829507947","13"
"T1_1_t10_aug_perturb_Y","1","0","0","0","2","35.72","0","0.0321108267563521","4.738430456126985","19"
"T1_1_t11_aug_perturb_X","1","0","0","0","4","44.72","0","0.026161403664849717","5.0317548127733565","16"
"T1_1_t11_aug_perturb_Y","1","0","0","0","4","44.72","0","0.028352285836486208","5.402887269716785","25"
"T1_1_t12_aug_perturb_X","4","1","2","24","7","48.6","0","0.02890329373409376","5.8600937920283265","19"
"T1_1_t12_aug_perturb_Y","4","1","2","24","7","48.6","0","0.029333340820507474","5.8578312749144335","25"
"T1_1_t2_aug_perturb_X","1","0","2","48","0","52.84","0","0.02710671155889978","5.855723097951832","19"
"T1_1_t2_aug_perturb_Y","1","0","2","48","0","52.84","0","0.028280090247273057","5.921886678535284","31"
"T1_1_t3_aug_perturb_X","2","0","1","8","1","39.6","0","0.02354481405210531","3.9380389602038215","21"
"T1_1_t3_aug_perturb_Y","2","0","1","8","1","39.6","0","0.025623366079877974","4.194686572953181","22"
"T1_1_t4_aug_perturb_X","1","0","1","9","0","31.76","0","0.031199073466191926","4.30678796346648","8"
"T1_1_t4_aug_perturb_Y","1","0","1","9","0","31.76","0","0.033259997656616795","4.4979183208602755","12"
"T1_1_t5_aug_perturb_X","0","0","1","4","1","62.6","0","0.03927060179344052","8.264255271762005","22"
"T1_1_t5_aug_perturb_Y","0","0","1","4","1","62.6","0","0.04166060845497589","8.824611988644646","29"
"T1_1_t6_aug_perturb_X","4","0","0","0","8","49.72","0","0.04144979199972863","8.230988685651317","18"
"T1_1_t6_aug_perturb_Y","4","0","0","0","8","49.72","0","0.047158943884711216","9.408568163904647","16"
"T1_1_t7_aug_perturb_X","2","0","0","0","2","34.8","0","0.028443540219818313","4.170343447976928","10"
"T1_1_t7_aug_perturb_Y","2","0","0","0","2","34.8","0","0.029656794569991273","4.297754136445648","15"
"T1_1_t8_aug_perturb_X","0","0","2","2","4","47.76","0","0.03595549364776897","7.144656399474995","13"
"T1_1_t8_aug_perturb_Y","0","0","2","2","4","47.76","0","0.03664379679958901","7.211098426095323","19"
"T1_1_t9_aug_perturb_X","1","0","0","0","2","58.76","0","0.030709270713154276","6.3441338121981286","27"
"T1_1_t9_aug_perturb_Y","1","0","0","0","2","58.76","0","0.03265582200477179","6.728088143937717","28"
"T3_2_t1_aug_perturb_X","2","0","0","0","1","23.0","0","0.03403119672945268","3.19060718983327","5"
"T3_2_t1_aug_perturb_Y","2","0","0","0","1","23.0","0","0.033892348072548595","3.121561770227113","8"
"T3_2_t10_aug_perturb_X","3","0","0","0","3","19.84","0","0.03740269178751654","3.0540532003913237","5"
"T3_2_t10_aug_perturb_Y","3","0","0","0","3","19.84","0","0.039930731350696747","3.275881089941702","7"
"T3_2_t11_aug_perturb_X","1","1","0","0","1","24.64","0","0.03245226980333175","3.2666190913286863","9"
"T3_2_t11_aug_perturb_Y","1","1","0","0","1","24.64","0","0.03350102960014213","3.3211680589143264","10"
"T3_2_t12_aug_perturb_X","2","0","0","0","6","33.72","0","0.043643794624638486","5.0190467444146405","11"
"T3_2_t12_aug_perturb_Y","2","0","0","0","6","33.72","0","0.04477014666009131","5.128525029294631","13"
"T3_2_t2_aug_perturb_X","1","0","0","0","0","15.96","0","0.044636882736377774","2.816944646742455","3"
"T3_2_t2_aug_perturb_Y","1","0","0","0","0","15.96","0","0.04428213476428708","2.8600032716091004","4"
"T3_2_t3_aug_perturb_X","0","0","0","0","0","12.6","0","0.05697389177202536","3.0645311365487387","4"
"T3_2_t3_aug_perturb_Y","0","0","0","0","0","12.6","0","0.05498106651121311","2.9405408069118657","6"
"T3_2_t4_aug_perturb_X","0","0","0","0","0","15.6","0","0.04875928764734901","3.3283781987562664","1"
"T3_2_t4_aug_perturb_Y","0","0","0","0","0","15.6","0","0.05024244304066682","3.4592762621314646","4"
"T3_2_t5_aug_perturb_X","0","0","0","0","0","13.72","0","0.06915449476344858","3.995081454782079","1"
"T3_2_t5_aug_perturb_Y","0","0","0","0","0","13.72","0","0.07203124600004925","4.0951168833848115","3"
"T3_2_t6_aug_perturb_X","3","0","1","7","1","20.76","0","0.05136560002475549","4.44036493099193","6"
"T3_2_t6_aug_perturb_Y","3","0","1","7","1","20.76","0","0.052788297765240355","4.557217536337587","6"
"T3_2_t7_aug_perturb_X","1","0","0","0","0","24.6","0","0.032436089286012756","3.3807839607961654","9"
"T3_2_t7_aug_perturb_Y","1","0","0","0","0","24.6","0","0.03241018526719732","3.3586657485720632","10"
"T3_2_t8_aug_perturb_X","0","0","0","0","2","28.6","0","0.03414985436134672","4.060539300732649","20"
"T3_2_t8_aug_perturb_Y","0","0","0","0","2","28.6","0","0.03420113799963566","4.110845172624241","9"
"T3_2_t9_aug_perturb_X","1","0","0","0","2","13.76","0","0.047144894891747585","2.7241433615084967","5"
"T3_2_t9_aug_perturb_Y","1","0","0","0","2","13.76","0","0.04805043490503482","2.7323481411147434","5"
"T8_1_t1_aug_perturb_X","1","0","0","0","1","42.0","0","0.026845582284656277","3.9585316154495005","17"
"T8_1_t1_aug_perturb_Y","1","0","0","0","1","42.0","0","0.027031124153024055","3.923028621511564","13"
"T8_1_t10_aug_perturb_X","2","0","1","4","0","23.84","0","0.030904468721244267","3.0419939269029004","9"
"T8_1_t10_aug_perturb_Y","2","0","1","4","0","23.84","0","0.03138280992781865","3.0473737038351447","14"
"T8_1_t11_aug_perturb_X","0","0","0","0","2","25.84","0","0.03782026829490197","3.8630035023933473","10"
"T8_1_t11_aug_perturb_Y","0","0","0","0","2","25.84","0","0.03755302951667974","3.7432425393563276","17"
"T8_1_t12_aug_perturb_X","1","0","1","23","2","29.92","0","0.03968059183104667","4.310733962485056","12"
"T8_1_t12_aug_perturb_Y","1","0","1","23","2","29.92","0","0.040629446006897496","4.403483697587376","13"
"T8_1_t2_aug_perturb_X","2","0","1","21","0","53.76","0","0.02852368536038152","6.041516890385133","29"
"T8_1_t2_aug_perturb_Y","2","0","1","21","0","53.76","0","0.029267024724516335","6.19984166306051","18"
"T8_1_t3_aug_perturb_X","0","0","0","0","0","29.0","0","0.06839209309234726","5.714235801454362","10"
"T8_1_t3_aug_perturb_Y","0","0","0","0","0","29.0","0","0.06645954728494748","5.751123331150654","12"
"T8_1_t4_aug_perturb_X","3","0","1","17","3","32.72","0","0.03652783814916265","4.689451702712167","19"
"T8_1_t4_aug_perturb_Y","3","0","1","17","3","32.72","0","0.036421214077398255","4.709393122404092","13"
"T8_1_t5_aug_perturb_X","0","0","0","0","3","26.6","0","0.05099053149124023","5.338721382331441","7"
"T8_1_t5_aug_perturb_Y","0","0","0","0","3","26.6","0","0.05571052454660777","5.730856312785593","5"
"T8_1_t6_aug_perturb_X","2","0","0","0","0","27.72","0","0.0468023353728852","4.792200031242231","14"
"T8_1_t6_aug_perturb_Y","2","0","0","0","0","27.72","0","0.04710035628335759","4.870864753106357","17"
"T8_1_t7_aug_perturb_X","1","0","0","0","8","22.84","0","0.030004188055786158","2.72136349682347","10"
"T8_1_t7_aug_perturb_Y","1","0","0","0","8","22.84","0","0.03121436427139726","2.813971106334337","5"
"T8_1_t8_aug_perturb_X","0","0","0","0","0","25.84","0","0.038724936940180456","4.080418260499638","9"
"T8_1_t8_aug_perturb_Y","0","0","0","0","0","25.84","0","0.038504302098563724","3.9520087832758573","8"
"T8_1_t9_aug_perturb_X","0","0","0","0","4","22.84","0","0.04189428102874752","3.6982479303338973","9"
"T8_1_t9_aug_perturb_Y","0","0","0","0","4","22.84","0","0.041345527709572255","3.574584668229181","11"
